{"cameraMode":{"drawMode":0,"name":"Shaded","section":"Shading Mode"},"sceneLighting":false,"audioPlay":false,"sceneViewState":{"showFog":true,"showMaterialUpdate":false,"showSkybox":false,"showFlares":true,"showImageEffects":true,"showParticleSystems":true},"in2DMode":false,"pivot":{"x":6.945662498474121,"y":1.2300000190734864,"z":-9.413000106811524},"rotation":{"x":-0.29743972420692446,"y":-0.3684767484664917,"z":0.12572713196277619,"w":-0.8717668652534485},"size":2.5578839778900148,"orthographic":false}